time;iter;L;U
1;0;0.00;inf
3;1;0.00;1299.00
6;2;0.00;1299.00
8;3;-0.00;1299.00
11;4;-0.00;1299.00
14;5;-0.00;980.00
16;6;-0.00;980.00
20;7;-0.00;396.00
22;8;-0.00;396.00
25;9;-0.00;396.00
28;10;-0.00;396.00
31;11;-0.00;396.00
33;12;-0.00;396.00
36;13;-0.00;396.00
38;14;-0.00;396.00
41;15;-0.00;396.00
44;16;-0.00;396.00
47;17;-0.00;395.00
50;18;-0.00;395.00
53;19;-0.00;195.00
56;20;-0.00;169.00
60;21;-0.00;169.00
65;22;-0.00;169.00
68;23;-0.00;169.00
71;24;-0.00;169.00
73;25;-0.00;169.00
76;26;-0.00;169.00
78;27;-0.00;169.00
83;28;-0.00;169.00
87;29;-0.00;169.00
90;30;-0.00;169.00
92;31;-0.00;169.00
95;32;-0.00;166.00
97;33;-0.00;166.00
98;34;-0.00;166.00
101;35;-0.00;166.00
102;36;-0.00;166.00
104;37;-0.00;166.00
106;38;-0.00;166.00
108;39;-0.00;166.00
110;40;-0.00;166.00
112;41;-0.00;166.00
114;42;-0.00;166.00
116;43;-0.00;166.00
118;44;-0.00;166.00
120;45;-0.00;166.00
122;46;-0.00;166.00
124;47;-0.00;166.00
125;48;-0.00;166.00
128;49;-0.00;166.00
131;50;-0.00;166.00
133;51;-0.00;166.00
135;52;-0.00;166.00
138;53;-0.00;166.00
141;54;-0.00;166.00
143;55;-0.00;166.00
147;56;-0.00;166.00
149;57;-0.00;166.00
151;58;-0.00;166.00
154;59;-0.00;166.00
157;60;-0.00;166.00
160;61;-0.00;166.00
162;62;-0.00;166.00
165;63;-0.00;166.00
167;64;-0.00;166.00
169;65;-0.00;166.00
171;66;-0.00;166.00
174;67;-0.00;166.00
175;68;-0.00;166.00
177;69;-0.00;166.00
178;70;-0.00;166.00
181;71;-0.00;166.00
183;72;-0.00;166.00
186;73;-0.00;142.00
187;74;-0.00;142.00
190;75;-0.00;142.00
192;76;-0.00;142.00
193;77;-0.00;142.00
196;78;-0.00;142.00
197;79;-0.00;142.00
199;80;-0.00;142.00
201;81;-0.00;142.00
203;82;-0.00;142.00
206;83;-0.00;142.00
208;84;-0.00;142.00
209;85;-0.00;142.00
211;86;-0.00;142.00
213;87;-0.00;142.00
215;88;-0.00;142.00
216;89;-0.00;142.00
218;90;-0.00;142.00
219;91;-0.00;142.00
222;92;-0.00;138.00
224;93;-0.00;138.00
226;94;-0.00;138.00
228;95;-0.00;138.00
230;96;-0.00;138.00
233;97;-0.00;138.00
235;98;-0.00;138.00
236;99;-0.00;138.00
238;100;-0.00;138.00
240;101;-0.00;138.00
242;102;-0.00;138.00
244;103;-0.00;138.00
245;104;-0.00;138.00
248;105;-0.00;138.00
251;106;-0.00;138.00
253;107;-0.00;138.00
255;108;-0.00;138.00
257;109;-0.00;138.00
259;110;-0.00;138.00
262;111;-0.00;138.00
265;112;-0.00;138.00
266;113;-0.00;138.00
268;114;-0.00;138.00
270;115;-0.00;138.00
272;116;-0.00;138.00
274;117;-0.00;138.00
276;118;-0.00;97.00
278;119;-0.00;97.00
281;120;-0.00;97.00
283;121;-0.00;97.00
285;122;-0.00;97.00
286;123;-0.00;97.00
289;124;-0.00;97.00
292;125;-0.00;97.00
295;126;-0.00;97.00
298;127;-0.00;97.00
300;128;-0.00;97.00
302;129;-0.00;97.00
305;130;-0.00;97.00
307;131;-0.00;97.00
309;132;-0.00;97.00
311;133;-0.00;97.00
314;134;-0.00;97.00
315;135;-0.00;97.00
317;136;-0.00;97.00
319;137;-0.00;97.00
324;138;-0.00;97.00
333;139;-0.00;97.00
334;140;-0.00;97.00
337;141;-0.00;97.00
340;142;-0.00;97.00
343;143;-0.00;97.00
346;144;-0.00;97.00
348;145;-0.00;97.00
350;146;-0.00;97.00
353;147;-0.00;97.00
354;148;-0.00;97.00
357;149;-0.00;97.00
359;150;-0.00;97.00
361;151;-0.00;97.00
363;152;-0.00;97.00
365;153;-0.00;97.00
367;154;-0.00;97.00
369;155;-0.00;97.00
373;156;-0.00;97.00
374;157;-0.00;97.00
376;158;-0.00;97.00
378;159;-0.00;97.00
380;160;-0.00;97.00
383;161;-0.00;97.00
385;162;-0.00;97.00
387;163;-0.00;97.00
388;164;-0.00;97.00
391;165;-0.00;97.00
393;166;-0.00;97.00
394;167;-0.00;97.00
396;168;-0.00;97.00
399;169;-0.00;97.00
400;170;-0.00;97.00
423;171;-0.00;97.00
425;172;-0.00;97.00
428;173;-0.00;97.00
432;174;-0.00;64.00
434;175;-0.00;64.00
436;176;-0.00;64.00
437;177;-0.00;64.00
439;178;-0.00;64.00
441;179;-0.00;64.00
443;180;-0.00;64.00
444;181;-0.00;64.00
447;182;-0.00;64.00
449;183;-0.00;64.00
451;184;-0.00;64.00
453;185;-0.00;64.00
454;186;-0.00;64.00
457;187;-0.00;64.00
458;188;-0.00;64.00
460;189;-0.00;64.00
462;190;-0.00;64.00
464;191;-0.00;64.00
466;192;-0.00;64.00
469;193;-0.00;64.00
474;194;-0.00;64.00
475;195;-0.00;64.00
477;196;-0.00;64.00
479;197;-0.00;64.00
483;198;-0.00;38.00
486;199;-0.00;38.00
488;200;-0.00;38.00
489;201;-0.00;38.00
491;202;-0.00;38.00
492;203;-0.00;38.00
495;204;-0.00;38.00
498;205;-0.00;38.00
500;206;-0.00;38.00
502;207;-0.00;38.00
504;208;-0.00;38.00
506;209;-0.00;38.00
508;210;-0.00;38.00
510;211;-0.00;38.00
512;212;-0.00;38.00
514;213;-0.00;38.00
516;214;-0.00;38.00
518;215;-0.00;38.00
520;216;-0.00;38.00
522;217;-0.00;38.00
524;218;-0.00;38.00
525;219;-0.00;38.00
526;220;-0.00;38.00
529;221;-0.00;38.00
532;222;-0.00;38.00
534;223;-0.00;38.00
537;224;-0.00;38.00
539;225;-0.00;38.00
541;226;-0.00;38.00
545;227;-0.00;38.00
549;228;-0.00;38.00
551;229;-0.00;38.00
554;230;-0.00;38.00
556;231;-0.00;38.00
562;232;-0.00;38.00
565;233;-0.00;38.00
568;234;-0.00;38.00
571;235;-0.00;38.00
582;236;-0.00;38.00
590;237;-0.00;38.00
602;238;-0.00;38.00
614;239;-0.00;38.00
624;240;-0.00;38.00
627;241;-0.00;38.00
628;242;-0.00;38.00
633;243;-0.00;38.00
637;244;-0.00;38.00
639;245;-0.00;38.00
643;246;-0.00;38.00
645;247;-0.00;38.00
649;248;-0.00;38.00
653;249;-0.00;38.00
656;250;-0.00;38.00
658;251;-0.00;38.00
662;252;-0.00;38.00
663;253;-0.00;38.00
667;254;-0.00;38.00
670;255;-0.00;38.00
672;256;-0.00;38.00
677;257;-0.00;38.00
679;258;-0.00;38.00
682;259;-0.00;38.00
685;260;-0.00;38.00
688;261;-0.00;38.00
691;262;-0.00;38.00
693;263;-0.00;38.00
696;264;-0.00;38.00
699;265;-0.00;38.00
701;266;-0.00;38.00
702;267;-0.00;38.00
705;268;-0.00;38.00
707;269;-0.00;38.00
711;270;-0.00;38.00
717;271;-0.00;38.00
720;272;-0.00;38.00
722;273;-0.00;38.00
724;274;-0.00;38.00
727;275;-0.00;38.00
730;276;-0.00;38.00
732;277;-0.00;38.00
734;278;-0.00;38.00
736;279;-0.00;38.00
738;280;-0.00;38.00
741;281;-0.00;38.00
742;282;-0.00;38.00
744;283;-0.00;38.00
748;284;-0.00;38.00
751;285;-0.00;38.00
753;286;-0.00;38.00
756;287;-0.00;38.00
761;288;-0.00;38.00
766;289;-0.00;38.00
770;290;-0.00;38.00
774;291;-0.00;38.00
777;292;-0.00;38.00
780;293;-0.00;38.00
783;294;-0.00;38.00
784;295;-0.00;38.00
786;296;-0.00;38.00
789;297;-0.00;38.00
791;298;-0.00;38.00
794;299;-0.00;38.00
795;300;-0.00;38.00
797;301;-0.00;38.00
800;302;-0.00;38.00
802;303;-0.00;38.00
803;304;-0.00;38.00
806;305;-0.00;38.00
808;306;-0.00;38.00
810;307;-0.00;38.00
812;308;-0.00;38.00
814;309;-0.00;38.00
816;310;-0.00;38.00
817;311;-0.00;38.00
819;312;-0.00;38.00
822;313;-0.00;38.00
824;314;-0.00;38.00
827;315;-0.00;38.00
830;316;-0.00;38.00
832;317;-0.00;38.00
834;318;-0.00;38.00
836;319;-0.00;38.00
838;320;-0.00;38.00
841;321;-0.00;38.00
842;322;-0.00;38.00
845;323;-0.00;38.00
847;324;-0.00;38.00
849;325;-0.00;38.00
851;326;-0.00;38.00
853;327;-0.00;38.00
855;328;-0.00;38.00
857;329;-0.00;31.00
859;330;-0.00;31.00
861;331;-0.00;31.00
863;332;-0.00;31.00
865;333;-0.00;31.00
868;334;-0.00;31.00
871;335;-0.00;31.00
873;336;-0.00;31.00
875;337;-0.00;31.00
877;338;-0.00;31.00
879;339;-0.00;31.00
881;340;-0.00;31.00
883;341;-0.00;31.00
885;342;-0.00;31.00
889;343;-0.00;31.00
892;344;-0.00;31.00
894;345;-0.00;31.00
898;346;-0.00;31.00
900;347;-0.00;31.00
904;348;-0.00;31.00
906;349;-0.00;31.00
909;350;-0.00;31.00
912;351;-0.00;31.00
914;352;-0.00;31.00
916;353;-0.00;31.00
919;354;-0.00;31.00
921;355;-0.00;31.00
923;356;-0.00;31.00
925;357;-0.00;31.00
927;358;-0.00;31.00
930;359;-0.00;31.00
932;360;-0.00;31.00
935;361;-0.00;31.00
937;362;-0.00;31.00
940;363;-0.00;31.00
942;364;-0.00;31.00
944;365;-0.00;31.00
946;366;-0.00;31.00
949;367;-0.00;31.00
951;368;-0.00;31.00
954;369;-0.00;31.00
956;370;-0.00;31.00
957;371;-0.00;31.00
959;372;-0.00;31.00
964;373;-0.00;31.00
967;374;-0.00;31.00
969;375;-0.00;31.00
972;376;-0.00;31.00
975;377;-0.00;31.00
977;378;-0.00;31.00
980;379;-0.00;31.00
983;380;-0.00;31.00
985;381;-0.00;31.00
988;382;-0.00;31.00
991;383;-0.00;31.00
993;384;-0.00;31.00
995;385;-0.00;31.00
1000;386;-0.00;31.00
1003;387;-0.00;31.00
1005;388;-0.00;31.00
1006;389;-0.00;31.00
1009;390;-0.00;31.00
1012;391;-0.00;31.00
1015;392;-0.00;31.00
1017;393;-0.00;31.00
1019;394;-0.00;31.00
1022;395;-0.00;31.00
1024;396;-0.00;31.00
1026;397;-0.00;31.00
1028;398;-0.00;31.00
1031;399;-0.00;31.00
1034;400;-0.00;31.00
1037;401;-0.00;31.00
1040;402;-0.00;31.00
1042;403;-0.00;31.00
1045;404;-0.00;31.00
1047;405;-0.00;31.00
1048;406;-0.00;31.00
1050;407;-0.00;31.00
1052;408;-0.00;31.00
1054;409;-0.00;31.00
1056;410;-0.00;31.00
1058;411;-0.00;31.00
1061;412;-0.00;31.00
1063;413;-0.00;31.00
1065;414;-0.00;31.00
1067;415;-0.00;31.00
1069;416;-0.00;31.00
1072;417;-0.00;31.00
1076;418;-0.00;31.00
1078;419;-0.00;31.00
1082;420;-0.00;31.00
1086;421;-0.00;31.00
1088;422;-0.00;31.00
1097;423;-0.00;31.00
1100;424;-0.00;31.00
1102;425;-0.00;31.00
1103;426;-0.00;31.00
1106;427;-0.00;31.00
1118;428;-0.00;31.00
1124;429;-0.00;31.00
1128;430;-0.00;31.00
1133;431;-0.00;31.00
1136;432;-0.00;31.00
1139;433;-0.00;31.00
1142;434;-0.00;31.00
1144;435;-0.00;31.00
1148;436;-0.00;31.00
1152;437;-0.00;31.00
1155;438;-0.00;31.00
1158;439;-0.00;31.00
1162;440;-0.00;31.00
1167;441;-0.00;31.00
1171;442;-0.00;31.00
1177;443;-0.00;31.00
1179;444;-0.00;31.00
1184;445;-0.00;31.00
1188;446;-0.00;31.00
1190;447;-0.00;31.00
1194;448;-0.00;31.00
1197;449;-0.00;31.00
1200;450;-0.00;31.00
1202;451;-0.00;31.00
1204;452;-0.00;31.00
1206;453;-0.00;31.00
1208;454;-0.00;31.00
1210;455;-0.00;31.00
1212;456;-0.00;31.00
1214;457;-0.00;31.00
1217;458;-0.00;31.00
1219;459;-0.00;31.00
1222;460;-0.00;31.00
1224;461;-0.00;31.00
1227;462;-0.00;31.00
1229;463;-0.00;31.00
1233;464;-0.00;31.00
1234;465;-0.00;31.00
1237;466;-0.00;31.00
1239;467;-0.00;31.00
1242;468;-0.00;31.00
1244;469;-0.00;31.00
1245;470;-0.00;31.00
1248;471;-0.00;31.00
1250;472;-0.00;31.00
1252;473;-0.00;31.00
1254;474;-0.00;31.00
1256;475;-0.00;31.00
1259;476;-0.00;31.00
1262;477;-0.00;31.00
1263;478;-0.00;31.00
1266;479;-0.00;31.00
1268;480;-0.00;31.00
1270;481;-0.00;31.00
1273;482;-0.00;31.00
1275;483;-0.00;31.00
1276;484;-0.00;31.00
1278;485;-0.00;31.00
1280;486;-0.00;31.00
1283;487;-0.00;31.00
1287;488;-0.00;31.00
1291;489;-0.00;31.00
1295;490;-0.00;31.00
1299;491;-0.00;31.00
1302;492;-0.00;31.00
1304;493;-0.00;31.00
1306;494;-0.00;31.00
1308;495;-0.00;31.00
1314;496;-0.00;31.00
1319;497;-0.00;31.00
1323;498;-0.00;31.00
1325;499;-0.00;31.00
1327;500;-0.00;31.00
1328;501;-0.00;31.00
1331;502;-0.00;31.00
1334;503;-0.00;31.00
1337;504;-0.00;31.00
1339;505;-0.00;31.00
1342;506;-0.00;31.00
1344;507;-0.00;31.00
1347;508;-0.00;31.00
1349;509;-0.00;31.00
1351;510;-0.00;31.00
1353;511;-0.00;31.00
1356;512;-0.00;31.00
1358;513;-0.00;31.00
1360;514;-0.00;31.00
1362;515;-0.00;31.00
1364;516;-0.00;31.00
1366;517;-0.00;31.00
1368;518;-0.00;31.00
1374;519;-0.00;31.00
1375;520;-0.00;31.00
1377;521;-0.00;31.00
1379;522;-0.00;31.00
1382;523;-0.00;31.00
1385;524;-0.00;31.00
1387;525;-0.00;31.00
1389;526;-0.00;31.00
1391;527;-0.00;31.00
1393;528;-0.00;31.00
1395;529;-0.00;31.00
1397;530;-0.00;31.00
1398;531;-0.00;31.00
1401;532;-0.00;31.00
1404;533;-0.00;31.00
1407;534;-0.00;31.00
1410;535;-0.00;31.00
1411;536;-0.00;31.00
1414;537;-0.00;31.00
1416;538;-0.00;31.00
1418;539;-0.00;31.00
1421;540;-0.00;31.00
1423;541;-0.00;31.00
1426;542;-0.00;31.00
1428;543;-0.00;31.00
1432;544;-0.00;31.00
1434;545;-0.00;31.00
1437;546;-0.00;31.00
1440;547;-0.00;31.00
1442;548;-0.00;31.00
1444;549;-0.00;31.00
1447;550;-0.00;31.00
1449;551;-0.00;31.00
1452;552;-0.00;31.00
1454;553;-0.00;31.00
1456;554;-0.00;31.00
1459;555;-0.00;31.00
1461;556;-0.00;31.00
1464;557;-0.00;31.00
1466;558;-0.00;31.00
1468;559;-0.00;31.00
1472;560;-0.00;31.00
1473;561;-0.00;31.00
1475;562;-0.00;31.00
1477;563;-0.00;31.00
1479;564;-0.00;31.00
1481;565;-0.00;31.00
1484;566;-0.00;31.00
1486;567;-0.00;31.00
1488;568;-0.00;31.00
1489;569;-0.00;31.00
1491;570;-0.00;31.00
1493;571;-0.00;31.00
1495;572;-0.00;31.00
1499;573;-0.00;31.00
1501;574;-0.00;31.00
1504;575;-0.00;31.00
1507;576;-0.00;31.00
1512;577;-0.00;31.00
1514;578;-0.00;31.00
1518;579;-0.00;31.00
1521;580;-0.00;31.00
1524;581;-0.00;31.00
1525;582;-0.00;31.00
1534;583;-0.00;31.00
1538;584;-0.00;31.00
1540;585;-0.00;31.00
1542;586;-0.00;31.00
1545;587;-0.00;31.00
1547;588;-0.00;31.00
1550;589;-0.00;31.00
1553;590;-0.00;31.00
1555;591;-0.00;31.00
1557;592;-0.00;31.00
1559;593;-0.00;31.00
1562;594;-0.00;31.00
1564;595;-0.00;31.00
1567;596;-0.00;31.00
1569;597;-0.00;31.00
1571;598;-0.00;31.00
1579;599;-0.00;31.00
1582;600;-0.00;31.00
1584;601;-0.00;31.00
1587;602;-0.00;31.00
1589;603;-0.00;31.00
1592;604;-0.00;31.00
1746;605;-0.00;31.00
1751;606;-0.00;31.00
1753;607;-0.00;31.00
1757;608;-0.00;31.00
1762;609;-0.00;31.00
1768;610;-0.00;31.00
1770;611;-0.00;31.00
1772;612;-0.00;31.00
1774;613;-0.00;31.00
1776;614;-0.00;31.00
1780;615;-0.00;31.00
1783;616;-0.00;31.00
1784;617;-0.00;31.00
1786;618;-0.00;31.00
1788;619;-0.00;31.00
1791;620;-0.00;31.00
1794;621;-0.00;31.00
1797;622;-0.00;31.00
1800;623;-0.00;31.00
1803;624;-0.00;31.00
1806;625;-0.00;31.00
1808;626;-0.00;31.00
1810;627;-0.00;31.00
1813;628;-0.00;31.00
1816;629;-0.00;31.00
1818;630;-0.00;31.00
1821;631;-0.00;31.00
1823;632;-0.00;31.00
1826;633;-0.00;31.00
1828;634;-0.00;31.00
1831;635;-0.00;31.00
1834;636;-0.00;31.00
1837;637;-0.00;31.00
1839;638;-0.00;31.00
1841;639;-0.00;31.00
1843;640;-0.00;31.00
1846;641;-0.00;31.00
1848;642;-0.00;31.00
1850;643;-0.00;31.00
1853;644;-0.00;31.00
1856;645;-0.00;31.00
1859;646;-0.00;31.00
1861;647;-0.00;31.00
1865;648;-0.00;31.00
1869;649;-0.00;31.00
1872;650;-0.00;31.00
1875;651;-0.00;31.00
1877;652;-0.00;31.00
1880;653;-0.00;31.00
1882;654;-0.00;31.00
1885;655;-0.00;31.00
1887;656;-0.00;31.00
1889;657;-0.00;31.00
1891;658;-0.00;31.00
1895;659;-0.00;31.00
1899;660;-0.00;31.00
1903;661;-0.00;31.00
1905;662;-0.00;31.00
1908;663;-0.00;31.00
1915;664;-0.00;31.00
1916;665;-0.00;31.00
1920;666;-0.00;31.00
1925;667;-0.00;31.00
1927;668;-0.00;31.00
1930;669;-0.00;31.00
1933;670;-0.00;31.00
1936;671;-0.00;31.00
1939;672;-0.00;31.00
1942;673;-0.00;31.00
1944;674;-0.00;31.00
1948;675;-0.00;31.00
1951;676;-0.00;31.00
1953;677;-0.00;31.00
1956;678;-0.00;31.00
1959;679;-0.00;31.00
1961;680;-0.00;31.00
1963;681;-0.00;31.00
1968;682;-0.00;31.00
1973;683;-0.00;31.00
1975;684;-0.00;31.00
1979;685;-0.00;31.00
1985;686;-0.00;31.00
1989;687;-0.00;31.00
1991;688;-0.00;31.00
1996;689;-0.00;31.00
2000;690;-0.00;31.00
2002;691;-0.00;31.00
2005;692;-0.00;31.00
2008;693;-0.00;31.00
2009;694;-0.00;31.00
2012;695;-0.00;31.00
2014;696;-0.00;31.00
2017;697;-0.00;31.00
2019;698;-0.00;31.00
2022;699;-0.00;31.00
2024;700;-0.00;31.00
2026;701;-0.00;31.00
2029;702;-0.00;31.00
2032;703;-0.00;31.00
2034;704;-0.00;31.00
2037;705;-0.00;31.00
2039;706;-0.00;31.00
2042;707;-0.00;31.00
2044;708;-0.00;31.00
2047;709;-0.00;31.00
2049;710;-0.00;31.00
2053;711;-0.00;31.00
2055;712;-0.00;31.00
2057;713;-0.00;31.00
2060;714;-0.00;31.00
2062;715;-0.00;31.00
2064;716;-0.00;31.00
2067;717;-0.00;31.00
2069;718;-0.00;31.00
2072;719;-0.00;31.00
2073;720;-0.00;31.00
2076;721;-0.00;31.00
2078;722;-0.00;31.00
2081;723;-0.00;31.00
2084;724;-0.00;31.00
2086;725;-0.00;31.00
2088;726;-0.00;31.00
2090;727;-0.00;31.00
2093;728;-0.00;31.00
2096;729;-0.00;31.00
2098;730;-0.00;31.00
2102;731;-0.00;31.00
2103;732;-0.00;31.00
2106;733;-0.00;31.00
2108;734;-0.00;31.00
2109;735;-0.00;31.00
2115;736;-0.00;31.00
2119;737;-0.00;31.00
2128;738;-0.00;31.00
2133;739;-0.00;31.00
2137;740;-0.00;31.00
2140;741;-0.00;31.00
2147;742;-0.00;31.00
2162;743;-0.00;31.00
2167;744;-0.00;31.00
2170;745;-0.00;31.00
2173;746;-0.00;31.00
2177;747;-0.00;31.00
2179;748;-0.00;31.00
2182;749;-0.00;31.00
2184;750;-0.00;31.00
2187;751;-0.00;31.00
2190;752;-0.00;31.00
2192;753;-0.00;31.00
2195;754;-0.00;31.00
2197;755;-0.00;31.00
2202;756;-0.00;31.00
2205;757;-0.00;31.00
2210;758;-0.00;31.00
2216;759;-0.00;31.00
2218;760;-0.00;31.00
2220;761;-0.00;31.00
2223;762;-0.00;31.00
2226;763;-0.00;31.00
2229;764;-0.00;31.00
2233;765;-0.00;31.00
2236;766;-0.00;31.00
2241;767;-0.00;31.00
2245;768;-0.00;31.00
2248;769;-0.00;31.00
2251;770;-0.00;31.00
2253;771;-0.00;31.00
2254;772;-0.00;31.00
2256;773;-0.00;31.00
2258;774;-0.00;31.00
2260;775;-0.00;31.00
2262;776;-0.00;31.00
2263;777;-0.00;31.00
2266;778;-0.00;31.00
2269;779;-0.00;31.00
2271;780;-0.00;31.00
2273;781;-0.00;31.00
2275;782;-0.00;31.00
2277;783;-0.00;31.00
2280;784;-0.00;31.00
2283;785;-0.00;31.00
2284;786;-0.00;31.00
2287;787;-0.00;31.00
2290;788;-0.00;31.00
2292;789;-0.00;31.00
2294;790;-0.00;31.00
2297;791;-0.00;31.00
2300;792;-0.00;31.00
2303;793;-0.00;31.00
2305;794;-0.00;31.00
2307;795;-0.00;31.00
2309;796;-0.00;31.00
2311;797;-0.00;31.00
2313;798;-0.00;31.00
2315;799;-0.00;31.00
2772;800;-0.00;31.00
2775;801;-0.00;31.00
2778;802;-0.00;31.00
2780;803;-0.00;31.00
2784;804;-0.00;31.00
2787;805;-0.00;31.00
2790;806;-0.00;31.00
2792;807;-0.00;31.00
2796;808;-0.00;31.00
2799;809;-0.00;31.00
2803;810;-0.00;31.00
2805;811;-0.00;31.00
2809;812;-0.00;31.00
2811;813;-0.00;31.00
2816;814;-0.00;31.00
2820;815;-0.00;31.00
2824;816;-0.00;31.00
2826;817;-0.00;31.00
2831;818;-0.00;31.00
2833;819;-0.00;31.00
2834;820;-0.00;31.00
2837;821;-0.00;31.00
2839;822;-0.00;31.00
2842;823;-0.00;31.00
2844;824;-0.00;31.00
2846;825;-0.00;31.00
2849;826;-0.00;31.00
2851;827;-0.00;31.00
2853;828;-0.00;31.00
2856;829;-0.00;31.00
2859;830;-0.00;31.00
2861;831;-0.00;31.00
2864;832;-0.00;31.00
2867;833;-0.00;31.00
2868;834;-0.00;31.00
2871;835;-0.00;31.00
2874;836;-0.00;31.00
2876;837;-0.00;31.00
2877;838;-0.00;31.00
2880;839;-0.00;31.00
2882;840;-0.00;31.00
2885;841;-0.00;31.00
2887;842;-0.00;31.00
2889;843;-0.00;31.00
2891;844;-0.00;31.00
2894;845;-0.00;31.00
2896;846;-0.00;31.00
2898;847;-0.00;31.00
2901;848;-0.00;31.00
2904;849;-0.00;31.00
2905;850;-0.00;31.00
2907;851;-0.00;31.00
2909;852;-0.00;31.00
2911;853;-0.00;31.00
2913;854;-0.00;31.00
2916;855;-0.00;31.00
2918;856;-0.00;31.00
2920;857;-0.00;31.00
2922;858;-0.00;31.00
2925;859;-0.00;31.00
2927;860;-0.00;31.00
2928;861;-0.00;31.00
2931;862;-0.00;31.00
2933;863;-0.00;31.00
2935;864;-0.00;31.00
2936;865;-0.00;31.00
2938;866;-0.00;31.00
2941;867;-0.00;31.00
2942;868;-0.00;31.00
2945;869;-0.00;31.00
2947;870;-0.00;31.00
2951;871;-0.00;31.00
2954;872;-0.00;31.00
2956;873;-0.00;31.00
2957;874;-0.00;31.00
2959;875;-0.00;31.00
2962;876;-0.00;31.00
2965;877;-0.00;31.00
2969;878;-0.00;31.00
2972;879;-0.00;31.00
2975;880;-0.00;31.00
2977;881;-0.00;31.00
2979;882;-0.00;31.00
2984;883;-0.00;31.00
2986;884;-0.00;31.00
2989;885;-0.00;31.00
2991;886;-0.00;31.00
2993;887;-0.00;31.00
2995;888;-0.00;31.00
2998;889;-0.00;31.00
3002;890;-0.00;31.00
3006;891;-0.00;31.00
3008;892;-0.00;31.00
3011;893;-0.00;31.00
3013;894;-0.00;31.00
3017;895;-0.00;31.00
3022;896;-0.00;31.00
3024;897;-0.00;31.00
3026;898;-0.00;31.00
3029;899;-0.00;31.00
3033;900;-0.00;31.00
3036;901;-0.00;31.00
3040;902;-0.00;31.00
3043;903;-0.00;31.00
3046;904;-0.00;31.00
3048;905;-0.00;31.00
3052;906;-0.00;31.00
3054;907;-0.00;31.00
3056;908;-0.00;31.00
3058;909;-0.00;31.00
3061;910;-0.00;31.00
3063;911;-0.00;31.00
3065;912;-0.00;31.00
3068;913;-0.00;31.00
3071;914;-0.00;31.00
3073;915;-0.00;31.00
3076;916;-0.00;31.00
3078;917;-0.00;31.00
3081;918;-0.00;31.00
3082;919;-0.00;31.00
3085;920;-0.00;31.00
3088;921;-0.00;31.00
3090;922;-0.00;31.00
3093;923;-0.00;31.00
3095;924;-0.00;31.00
3098;925;-0.00;31.00
3100;926;-0.00;31.00
3102;927;-0.00;31.00
3104;928;-0.00;31.00
3107;929;-0.00;31.00
3109;930;-0.00;31.00
3111;931;-0.00;31.00
3113;932;-0.00;31.00
3114;933;-0.00;31.00
3117;934;-0.00;31.00
3119;935;-0.00;31.00
3121;936;-0.00;31.00
3124;937;-0.00;31.00
3126;938;-0.00;31.00
3128;939;-0.00;31.00
3130;940;-0.00;31.00
3133;941;-0.00;31.00
3135;942;-0.00;31.00
3137;943;-0.00;31.00
3139;944;-0.00;31.00
3141;945;-0.00;31.00
3142;946;-0.00;31.00
3145;947;-0.00;31.00
3147;948;-0.00;31.00
3149;949;-0.00;31.00
3151;950;-0.00;31.00
3153;951;-0.00;31.00
3156;952;-0.00;31.00
3158;953;-0.00;31.00
3161;954;-0.00;31.00
3163;955;-0.00;31.00
3166;956;-0.00;31.00
3169;957;-0.00;31.00
3173;958;-0.00;31.00
3176;959;-0.00;31.00
3177;960;-0.00;31.00
3179;961;-0.00;31.00
3181;962;-0.00;31.00
3184;963;-0.00;31.00
3186;964;-0.00;31.00
3189;965;-0.00;31.00
3191;966;-0.00;31.00
3194;967;-0.00;31.00
3196;968;-0.00;31.00
3198;969;-0.00;31.00
3199;970;-0.00;31.00
3203;971;-0.00;31.00
3206;972;-0.00;31.00
3208;973;-0.00;31.00
3211;974;-0.00;31.00
3214;975;-0.00;31.00
3218;976;-0.00;31.00
3221;977;-0.00;31.00
3222;978;-0.00;31.00
3226;979;-0.00;31.00
3228;980;-0.00;31.00
3231;981;-0.00;31.00
3239;982;-0.00;31.00
3241;983;-0.00;31.00
3247;984;-0.00;31.00
3252;985;-0.00;31.00
3255;986;-0.00;31.00
3257;987;-0.00;31.00
3259;988;-0.00;31.00
3261;989;-0.00;31.00
3264;990;-0.00;31.00
3267;991;-0.00;31.00
3269;992;-0.00;31.00
3271;993;-0.00;31.00
3274;994;-0.00;31.00
3276;995;-0.00;31.00
3278;996;-0.00;31.00
3284;997;-0.00;31.00
3286;998;-0.00;31.00
3287;999;-0.00;31.00
3290;1000;-0.00;31.00
3292;1001;-0.00;31.00
3295;1002;-0.00;31.00
3296;1003;-0.00;31.00
3298;1004;-0.00;31.00
3301;1005;-0.00;31.00
3304;1006;-0.00;31.00
3308;1007;-0.00;31.00
3310;1008;-0.00;31.00
3313;1009;-0.00;31.00
3314;1010;-0.00;31.00
3317;1011;-0.00;31.00
3320;1012;-0.00;31.00
3322;1013;-0.00;31.00
3325;1014;-0.00;31.00
3328;1015;-0.00;31.00
3332;1016;-0.00;31.00
3336;1017;-0.00;31.00
3338;1018;-0.00;31.00
3341;1019;-0.00;31.00
3343;1020;-0.00;31.00
3346;1021;-0.00;31.00
3348;1022;-0.00;31.00
3351;1023;-0.00;31.00
3353;1024;-0.00;31.00
3355;1025;-0.00;31.00
3358;1026;-0.00;31.00
3363;1027;-0.00;31.00
3370;1028;-0.00;31.00
3377;1029;-0.00;31.00
3379;1030;-0.00;31.00
3382;1031;-0.00;31.00
3385;1032;-0.00;31.00
3388;1033;-0.00;31.00
3390;1034;-0.00;31.00
3392;1035;-0.00;31.00
3394;1036;-0.00;31.00
3395;1037;-0.00;31.00
3397;1038;-0.00;31.00
3400;1039;-0.00;31.00
3403;1040;-0.00;31.00
3405;1041;-0.00;31.00
3407;1042;-0.00;31.00
3410;1043;-0.00;31.00
3411;1044;-0.00;31.00
3413;1045;-0.00;31.00
3416;1046;-0.00;31.00
3417;1047;-0.00;31.00
3420;1048;-0.00;31.00
3423;1049;-0.00;31.00
3426;1050;-0.00;31.00
3428;1051;-0.00;31.00
3431;1052;-0.00;31.00
3434;1053;-0.00;31.00
3437;1054;-0.00;31.00
3438;1055;-0.00;31.00
3441;1056;-0.00;31.00
3443;1057;-0.00;31.00
3445;1058;-0.00;31.00
3447;1059;-0.00;31.00
3448;1060;-0.00;31.00
3450;1061;-0.00;31.00
3452;1062;-0.00;31.00
3454;1063;-0.00;31.00
3456;1064;-0.00;31.00
3458;1065;-0.00;31.00
3459;1066;-0.00;31.00
3461;1067;-0.00;31.00
3463;1068;-0.00;31.00
3466;1069;-0.00;31.00
3468;1070;-0.00;31.00
3469;1071;-0.00;31.00
3471;1072;-0.00;31.00
3473;1073;-0.00;31.00
3476;1074;-0.00;31.00
3478;1075;-0.00;31.00
3480;1076;-0.00;31.00
3482;1077;-0.00;31.00
3484;1078;-0.00;31.00
3487;1079;-0.00;31.00
3489;1080;-0.00;31.00
3491;1081;-0.00;31.00
3493;1082;-0.00;31.00
3496;1083;-0.00;31.00
3498;1084;-0.00;31.00
3501;1085;-0.00;31.00
3503;1086;-0.00;31.00
3505;1087;-0.00;31.00
3507;1088;-0.00;31.00
3509;1089;-0.00;31.00
3511;1090;-0.00;31.00
3512;1091;-0.00;31.00
3514;1092;-0.00;31.00
3516;1093;-0.00;31.00
3519;1094;-0.00;31.00
3521;1095;-0.00;31.00
3523;1096;-0.00;31.00
3525;1097;-0.00;31.00
3528;1098;-0.00;31.00
3533;1099;-0.00;31.00
3535;1100;-0.00;31.00
3537;1101;-0.00;31.00
3539;1102;-0.00;31.00
3541;1103;-0.00;31.00
3543;1104;-0.00;31.00
3546;1105;-0.00;31.00
3548;1106;-0.00;31.00
3550;1107;-0.00;31.00
3553;1108;-0.00;31.00
3555;1109;-0.00;31.00
3557;1110;-0.00;31.00
3558;1111;-0.00;31.00
3561;1112;-0.00;31.00
3564;1113;-0.00;31.00
3566;1114;-0.00;31.00
3568;1115;-0.00;31.00
3570;1116;-0.00;31.00
3572;1117;-0.00;31.00
3578;1118;-0.00;31.00
3580;1119;-0.00;31.00
3584;1120;-0.00;31.00
3586;1121;-0.00;31.00
3587;1122;-0.00;31.00
3590;1123;-0.00;31.00
3594;1124;-0.00;31.00
3597;1125;-0.00;31.00
3600;1126;-0.00;31.00
3603;1127;-0.00;31.00
3604;1128;-0.00;31.00
3606;1129;-0.00;31.00
3609;1130;-0.00;31.00
3612;1131;-0.00;31.00
3614;1132;-0.00;31.00
3617;1133;-0.00;31.00
3619;1134;-0.00;31.00
3621;1135;-0.00;31.00
3624;1136;-0.00;31.00
3626;1137;-0.00;31.00
3629;1138;-0.00;31.00
3631;1139;-0.00;31.00
3634;1140;-0.00;31.00
3637;1141;-0.00;31.00
3639;1142;-0.00;31.00
3641;1143;-0.00;31.00
3643;1144;-0.00;31.00
3645;1145;-0.00;31.00
3648;1146;-0.00;31.00
3651;1147;-0.00;31.00
3652;1148;-0.00;31.00
3655;1149;-0.00;31.00
3657;1150;-0.00;31.00
3659;1151;-0.00;31.00
3661;1152;-0.00;31.00
3662;1153;-0.00;31.00
3665;1154;-0.00;31.00
3667;1155;-0.00;31.00
3671;1156;-0.00;31.00
3672;1157;-0.00;31.00
3674;1158;-0.00;31.00
3676;1159;-0.00;31.00
3678;1160;-0.00;31.00
3681;1161;-0.00;31.00
3683;1162;-0.00;31.00
3686;1163;-0.00;31.00
3688;1164;-0.00;31.00
3690;1165;-0.00;31.00
3693;1166;-0.00;31.00
3696;1167;-0.00;31.00
3698;1168;-0.00;31.00
3701;1169;-0.00;31.00
3703;1170;-0.00;31.00
3705;1171;-0.00;31.00
3708;1172;-0.00;31.00
3709;1173;-0.00;31.00
3711;1174;-0.00;31.00
3713;1175;-0.00;31.00
3715;1176;-0.00;31.00
3716;1177;-0.00;31.00
3719;1178;-0.00;31.00
3722;1179;-0.00;31.00
3723;1180;-0.00;31.00
3726;1181;-0.00;31.00
3728;1182;-0.00;31.00
3730;1183;-0.00;31.00
3731;1184;-0.00;31.00
3734;1185;-0.00;31.00
3736;1186;-0.00;31.00
3737;1187;-0.00;31.00
3739;1188;-0.00;31.00
3741;1189;-0.00;31.00
3743;1190;-0.00;31.00
3745;1191;-0.00;31.00
3747;1192;-0.00;31.00
3751;1193;-0.00;31.00
3755;1194;-0.00;31.00
3759;1195;-0.00;31.00
3763;1196;-0.00;31.00
3767;1197;-0.00;31.00
3769;1198;-0.00;31.00
3771;1199;-0.00;31.00
3772;1200;-0.00;31.00
3775;1201;-0.00;31.00
3776;1202;-0.00;31.00
3779;1203;-0.00;31.00
3781;1204;-0.00;31.00
3784;1205;-0.00;31.00
3787;1206;-0.00;31.00
3791;1207;-0.00;31.00
3792;1208;-0.00;31.00
3796;1209;-0.00;31.00
3798;1210;-0.00;31.00
3801;1211;-0.00;31.00
3804;1212;-0.00;31.00
3805;1213;-0.00;31.00
3808;1214;-0.00;31.00
3810;1215;-0.00;31.00
3812;1216;-0.00;31.00
3814;1217;-0.00;31.00
3817;1218;-0.00;31.00
3819;1219;-0.00;31.00
3821;1220;-0.00;31.00
3823;1221;-0.00;31.00
3825;1222;-0.00;31.00
3827;1223;-0.00;31.00
3829;1224;-0.00;31.00
3832;1225;-0.00;31.00
3833;1226;-0.00;31.00
3836;1227;-0.00;31.00
3838;1228;-0.00;31.00
3840;1229;-0.00;31.00
3842;1230;-0.00;31.00
3844;1231;-0.00;31.00
3846;1232;-0.00;31.00
3848;1233;-0.00;31.00
3850;1234;-0.00;31.00
3852;1235;-0.00;31.00
3854;1236;-0.00;31.00
3857;1237;-0.00;31.00
3859;1238;-0.00;31.00
3860;1239;-0.00;31.00
3863;1240;-0.00;31.00
3865;1241;-0.00;31.00
3866;1242;-0.00;31.00
3869;1243;-0.00;31.00
3871;1244;-0.00;31.00
3872;1245;-0.00;31.00
3874;1246;-0.00;31.00
3876;1247;-0.00;31.00
3878;1248;-0.00;31.00
3881;1249;-0.00;31.00
3883;1250;-0.00;31.00
3886;1251;-0.00;31.00
3888;1252;-0.00;31.00
3890;1253;-0.00;31.00
3892;1254;-0.00;31.00
3893;1255;-0.00;31.00
3896;1256;-0.00;31.00
3898;1257;-0.00;31.00
3901;1258;-0.00;31.00
3902;1259;-0.00;31.00
3905;1260;-0.00;31.00
3907;1261;-0.00;31.00
3909;1262;-0.00;31.00
3912;1263;-0.00;31.00
3913;1264;-0.00;31.00
3917;1265;-0.00;31.00
3919;1266;-0.00;31.00
3920;1267;-0.00;31.00
3923;1268;-0.00;31.00
3926;1269;-0.00;31.00
3928;1270;-0.00;31.00
3931;1271;-0.00;31.00
3933;1272;-0.00;31.00
3935;1273;-0.00;31.00
3937;1274;-0.00;31.00
3939;1275;-0.00;31.00
3940;1276;-0.00;31.00
3943;1277;-0.00;31.00
3944;1278;-0.00;31.00
3946;1279;-0.00;31.00
3950;1280;-0.00;31.00
3951;1281;-0.00;31.00
3954;1282;-0.00;31.00
3956;1283;-0.00;31.00
3958;1284;-0.00;31.00
3960;1285;-0.00;31.00
3962;1286;-0.00;31.00
3964;1287;-0.00;31.00
3966;1288;-0.00;31.00
3968;1289;-0.00;31.00
3970;1290;-0.00;31.00
3972;1291;-0.00;31.00
3974;1292;-0.00;31.00
3976;1293;-0.00;31.00
3978;1294;-0.00;31.00
3981;1295;-0.00;31.00
3983;1296;-0.00;31.00
3986;1297;-0.00;31.00
3989;1298;-0.00;31.00
3992;1299;-0.00;31.00
3994;1300;-0.00;31.00
3996;1301;-0.00;31.00
4001;1302;-0.00;31.00
4004;1303;-0.00;31.00
4006;1304;-0.00;31.00
4009;1305;-0.00;31.00
4011;1306;-0.00;31.00
4013;1307;-0.00;31.00
4015;1308;-0.00;31.00
4017;1309;-0.00;31.00
4019;1310;-0.00;31.00
4022;1311;-0.00;31.00
4025;1312;-0.00;31.00
4028;1313;-0.00;31.00
4031;1314;-0.00;31.00
4035;1315;-0.00;31.00
4037;1316;-0.00;31.00
4039;1317;-0.00;31.00
4040;1318;-0.00;31.00
4042;1319;-0.00;31.00
4044;1320;-0.00;31.00
4046;1321;-0.00;31.00
4048;1322;-0.00;31.00
4051;1323;-0.00;31.00
4053;1324;-0.00;31.00
4055;1325;-0.00;31.00
4057;1326;-0.00;31.00
4060;1327;-0.00;31.00
4062;1328;-0.00;31.00
4064;1329;-0.00;31.00
4066;1330;-0.00;31.00
4069;1331;-0.00;31.00
4070;1332;-0.00;31.00
4073;1333;-0.00;31.00
4075;1334;-0.00;31.00
4077;1335;-0.00;31.00
4079;1336;-0.00;31.00
4082;1337;-0.00;31.00
4084;1338;-0.00;31.00
4086;1339;-0.00;31.00
4088;1340;-0.00;31.00
4090;1341;-0.00;31.00
4092;1342;-0.00;31.00
4095;1343;-0.00;31.00
4097;1344;-0.00;31.00
4098;1345;-0.00;31.00
4100;1346;-0.00;31.00
4103;1347;-0.00;31.00
4104;1348;-0.00;31.00
4106;1349;-0.00;31.00
4108;1350;-0.00;31.00
4110;1351;-0.00;31.00
4112;1352;-0.00;31.00
4114;1353;-0.00;31.00
4116;1354;-0.00;31.00
4119;1355;-0.00;31.00
4121;1356;-0.00;31.00
4123;1357;-0.00;31.00
4124;1358;-0.00;31.00
4126;1359;-0.00;31.00
4129;1360;-0.00;31.00
4131;1361;-0.00;31.00
4132;1362;-0.00;31.00
4134;1363;-0.00;31.00
4136;1364;-0.00;31.00
4137;1365;-0.00;31.00
4140;1366;-0.00;31.00
4143;1367;-0.00;31.00
4265;1368;-0.00;31.00
4267;1369;-0.00;31.00
4269;1370;-0.00;31.00
4272;1371;-0.00;31.00
4274;1372;-0.00;31.00
4276;1373;-0.00;31.00
4279;1374;-0.00;31.00
4282;1375;-0.00;31.00
4285;1376;-0.00;31.00
4287;1377;-0.00;31.00
4290;1378;-0.00;31.00
4293;1379;-0.00;31.00
4296;1380;-0.00;31.00
4297;1381;-0.00;31.00
4299;1382;-0.00;31.00
4302;1383;-0.00;31.00
4305;1384;-0.00;31.00
4307;1385;-0.00;31.00
4311;1386;-0.00;31.00
4313;1387;-0.00;31.00
4316;1388;-0.00;31.00
4318;1389;-0.00;31.00
4320;1390;-0.00;31.00
4322;1391;-0.00;31.00
4324;1392;-0.00;31.00
4327;1393;-0.00;31.00
4328;1394;-0.00;31.00
4329;1395;-0.00;31.00
4332;1396;-0.00;31.00
4334;1397;-0.00;31.00
4336;1398;-0.00;31.00
4339;1399;-0.00;31.00
4341;1400;-0.00;31.00
4344;1401;-0.00;31.00
4346;1402;-0.00;31.00
4349;1403;-0.00;31.00
4350;1404;-0.00;31.00
4353;1405;-0.00;31.00
4355;1406;-0.00;31.00
4357;1407;-0.00;31.00
4359;1408;-0.00;31.00
4362;1409;-0.00;31.00
4363;1410;-0.00;31.00
4366;1411;-0.00;31.00
4368;1412;-0.00;31.00
4371;1413;-0.00;31.00
4373;1414;-0.00;31.00
4375;1415;-0.00;31.00
4376;1416;-0.00;31.00
4379;1417;-0.00;31.00
4381;1418;-0.00;31.00
4383;1419;-0.00;31.00
4386;1420;-0.00;31.00
4388;1421;-0.00;31.00
4391;1422;-0.00;31.00
4394;1423;-0.00;31.00
4396;1424;-0.00;31.00
4397;1425;-0.00;31.00
4398;1426;-0.00;31.00
4401;1427;-0.00;31.00
4404;1428;-0.00;31.00
4407;1429;-0.00;31.00
4409;1430;-0.00;31.00
4412;1431;-0.00;31.00
4414;1432;-0.00;31.00
4415;1433;-0.00;31.00
4418;1434;-0.00;31.00
4420;1435;-0.00;31.00
4423;1436;-0.00;31.00
4425;1437;-0.00;31.00
4427;1438;-0.00;31.00
4429;1439;-0.00;31.00
4432;1440;-0.00;31.00
4435;1441;-0.00;31.00
4437;1442;-0.00;31.00
4439;1443;-0.00;31.00
4442;1444;-0.00;31.00
4443;1445;-0.00;31.00
4446;1446;-0.00;31.00
4448;1447;-0.00;31.00
4451;1448;-0.00;31.00
4453;1449;-0.00;31.00
4455;1450;-0.00;31.00
4458;1451;-0.00;31.00
4461;1452;-0.00;31.00
4463;1453;-0.00;31.00
4466;1454;-0.00;31.00
4467;1455;-0.00;31.00
4469;1456;-0.00;31.00
4471;1457;-0.00;31.00
4474;1458;-0.00;31.00
4476;1459;-0.00;31.00
4477;1460;-0.00;31.00
4479;1461;-0.00;31.00
4481;1462;-0.00;31.00
4483;1463;-0.00;31.00
4485;1464;-0.00;31.00
4487;1465;-0.00;31.00
4489;1466;-0.00;31.00
4491;1467;-0.00;31.00
4493;1468;-0.00;31.00
4495;1469;-0.00;31.00
4497;1470;-0.00;31.00
4499;1471;-0.00;31.00
4502;1472;-0.00;31.00
4504;1473;-0.00;31.00
4506;1474;-0.00;31.00
4508;1475;-0.00;31.00
4510;1476;-0.00;31.00
4512;1477;-0.00;31.00
4514;1478;-0.00;31.00
4516;1479;-0.00;31.00
4519;1480;-0.00;31.00
4520;1481;-0.00;31.00
4524;1482;-0.00;31.00
4527;1483;-0.00;31.00
4530;1484;-0.00;31.00
4533;1485;-0.00;31.00
4534;1486;-0.00;31.00
4537;1487;-0.00;31.00
4539;1488;-0.00;31.00
4541;1489;-0.00;31.00
4543;1490;-0.00;31.00
4545;1491;-0.00;31.00
4547;1492;-0.00;31.00
4549;1493;-0.00;31.00
4551;1494;-0.00;31.00
4553;1495;-0.00;31.00
4554;1496;-0.00;31.00
4556;1497;-0.00;31.00
4559;1498;-0.00;31.00
4561;1499;-0.00;31.00
4563;1500;-0.00;31.00
4565;1501;-0.00;31.00
4567;1502;-0.00;31.00
4569;1503;-0.00;31.00
4570;1504;-0.00;31.00
4572;1505;-0.00;31.00
4574;1506;-0.00;31.00
4576;1507;-0.00;31.00
4579;1508;-0.00;31.00
4582;1509;-0.00;31.00
4584;1510;-0.00;31.00
4587;1511;-0.00;31.00
4589;1512;-0.00;31.00
4592;1513;-0.00;31.00
4594;1514;-0.00;31.00
4596;1515;-0.00;31.00
4598;1516;-0.00;31.00
4601;1517;-0.00;31.00
4603;1518;-0.00;31.00
4605;1519;-0.00;31.00
4607;1520;-0.00;31.00
4609;1521;-0.00;31.00
4611;1522;-0.00;31.00
4614;1523;-0.00;31.00
4617;1524;-0.00;31.00
4619;1525;-0.00;31.00
4621;1526;-0.00;31.00
4623;1527;-0.00;31.00
4626;1528;-0.00;31.00
4629;1529;-0.00;31.00
4631;1530;-0.00;31.00
4633;1531;-0.00;31.00
4634;1532;-0.00;31.00
4636;1533;-0.00;31.00
4638;1534;-0.00;31.00
4641;1535;-0.00;31.00
4643;1536;-0.00;31.00
4645;1537;-0.00;31.00
4648;1538;-0.00;31.00
4650;1539;-0.00;31.00
4651;1540;-0.00;31.00
4654;1541;-0.00;31.00
4656;1542;-0.00;31.00
4659;1543;-0.00;31.00
4660;1544;-0.00;31.00
4662;1545;-0.00;31.00
4664;1546;-0.00;31.00
4666;1547;-0.00;31.00
4669;1548;-0.00;31.00
4670;1549;-0.00;31.00
4672;1550;-0.00;31.00
4674;1551;-0.00;31.00
4676;1552;-0.00;31.00
4678;1553;-0.00;31.00
4783;1554;-0.00;31.00
4785;1555;-0.00;31.00
4787;1556;-0.00;31.00
4790;1557;-0.00;31.00
4792;1558;-0.00;31.00
4794;1559;-0.00;31.00
4796;1560;-0.00;31.00
4799;1561;-0.00;31.00
4801;1562;-0.00;31.00
4804;1563;-0.00;31.00
4806;1564;-0.00;31.00
4808;1565;-0.00;31.00
4810;1566;-0.00;31.00
4813;1567;-0.00;31.00
4815;1568;-0.00;31.00
4817;1569;-0.00;31.00
4820;1570;-0.00;31.00
4823;1571;-0.00;31.00
4826;1572;-0.00;31.00
4828;1573;-0.00;31.00
4830;1574;-0.00;31.00
4832;1575;-0.00;31.00
4836;1576;-0.00;31.00
4837;1577;-0.00;31.00
4840;1578;-0.00;31.00
4843;1579;-0.00;31.00
4845;1580;-0.00;31.00
4847;1581;-0.00;31.00
4849;1582;-0.00;31.00
4850;1583;-0.00;31.00
4853;1584;-0.00;31.00
4854;1585;-0.00;31.00
4857;1586;-0.00;31.00
4859;1587;-0.00;31.00
4861;1588;-0.00;31.00
4863;1589;-0.00;31.00
4865;1590;-0.00;31.00
4867;1591;-0.00;31.00
4868;1592;-0.00;31.00
4871;1593;-0.00;31.00
4873;1594;-0.00;31.00
4875;1595;-0.00;31.00
4876;1596;-0.00;31.00
4878;1597;-0.00;31.00
4880;1598;-0.00;31.00
4881;1599;-0.00;31.00
4884;1600;-0.00;31.00
4886;1601;-0.00;31.00
4888;1602;-0.00;31.00
4890;1603;-0.00;31.00
4893;1604;-0.00;31.00
4894;1605;-0.00;31.00
4896;1606;-0.00;31.00
4898;1607;-0.00;31.00
4900;1608;-0.00;31.00
4903;1609;-0.00;31.00
4905;1610;-0.00;31.00
4908;1611;-0.00;31.00
4910;1612;-0.00;31.00
4913;1613;-0.00;31.00
4915;1614;-0.00;31.00
4917;1615;-0.00;31.00
4919;1616;-0.00;31.00
4921;1617;-0.00;31.00
4923;1618;-0.00;31.00
4925;1619;-0.00;31.00
4927;1620;-0.00;31.00
4929;1621;-0.00;31.00
4931;1622;-0.00;31.00
4933;1623;-0.00;31.00
4935;1624;-0.00;31.00
4937;1625;-0.00;31.00
4940;1626;-0.00;31.00
4943;1627;-0.00;31.00
4945;1628;-0.00;31.00
4947;1629;-0.00;31.00
4948;1630;-0.00;31.00
4950;1631;-0.00;31.00
4953;1632;-0.00;31.00
4955;1633;-0.00;31.00
4957;1634;-0.00;31.00
4959;1635;-0.00;31.00
4961;1636;-0.00;31.00
4963;1637;-0.00;31.00
4965;1638;-0.00;31.00
4967;1639;-0.00;31.00
4969;1640;-0.00;31.00
4971;1641;-0.00;31.00
4973;1642;-0.00;31.00
4975;1643;-0.00;31.00
4978;1644;-0.00;31.00
4980;1645;-0.00;31.00
4982;1646;-0.00;31.00
4986;1647;-0.00;31.00
4988;1648;-0.00;31.00
4990;1649;-0.00;31.00
4993;1650;-0.00;31.00
4995;1651;-0.00;31.00
4997;1652;-0.00;31.00
4999;1653;-0.00;31.00
5002;1654;-0.00;31.00
5004;1655;-0.00;31.00
5005;1656;-0.00;31.00
5007;1657;-0.00;31.00
5010;1658;-0.00;31.00
5013;1659;-0.00;31.00
5015;1660;-0.00;31.00
5018;1661;-0.00;31.00
5021;1662;-0.00;31.00
5022;1663;-0.00;31.00
5025;1664;-0.00;31.00
5027;1665;-0.00;31.00
5029;1666;-0.00;31.00
5031;1667;-0.00;31.00
5034;1668;-0.00;31.00
5036;1669;-0.00;31.00
5038;1670;-0.00;31.00
5041;1671;-0.00;31.00
5043;1672;-0.00;31.00
5046;1673;-0.00;31.00
5048;1674;-0.00;31.00
5050;1675;-0.00;31.00
5053;1676;-0.00;31.00
5055;1677;-0.00;31.00
5057;1678;-0.00;31.00
5060;1679;-0.00;31.00
5063;1680;-0.00;31.00
5064;1681;-0.00;31.00
5066;1682;-0.00;31.00
5070;1683;-0.00;31.00
5071;1684;-0.00;31.00
5072;1685;-0.00;31.00
5074;1686;-0.00;31.00
5076;1687;-0.00;31.00
5078;1688;-0.00;31.00
5080;1689;-0.00;31.00
5082;1690;-0.00;31.00
5084;1691;-0.00;31.00
5086;1692;-0.00;31.00
5088;1693;-0.00;31.00
5091;1694;-0.00;31.00
5092;1695;-0.00;31.00
5093;1696;-0.00;31.00
5095;1697;-0.00;31.00
5098;1698;-0.00;31.00
5100;1699;-0.00;31.00
5102;1700;-0.00;31.00
5105;1701;-0.00;31.00
5107;1702;-0.00;31.00
5110;1703;-0.00;31.00
5112;1704;-0.00;31.00
5114;1705;-0.00;31.00
5116;1706;-0.00;31.00
5118;1707;-0.00;31.00
5121;1708;-0.00;31.00
5124;1709;-0.00;31.00
5126;1710;-0.00;31.00
5127;1711;-0.00;31.00
5130;1712;-0.00;31.00
5132;1713;-0.00;31.00
5133;1714;-0.00;31.00
5136;1715;-0.00;31.00
5140;1716;-0.00;31.00
5142;1717;-0.00;31.00
5145;1718;-0.00;31.00
5147;1719;-0.00;31.00
5149;1720;-0.00;31.00
5152;1721;-0.00;31.00
5154;1722;-0.00;31.00
5156;1723;-0.00;31.00
5158;1724;-0.00;31.00
5160;1725;-0.00;31.00
5162;1726;-0.00;31.00
5165;1727;-0.00;31.00
5166;1728;-0.00;31.00
5170;1729;-0.00;31.00
5171;1730;-0.00;31.00
5173;1731;-0.00;31.00
5175;1732;-0.00;31.00
5177;1733;-0.00;31.00
5180;1734;-0.00;31.00
5182;1735;-0.00;31.00
5183;1736;-0.00;31.00
5185;1737;-0.00;31.00
5187;1738;-0.00;31.00
5190;1739;-0.00;31.00
5192;1740;-0.00;31.00
5194;1741;-0.00;31.00
5196;1742;-0.00;31.00
5198;1743;-0.00;31.00
5200;1744;-0.00;31.00
5203;1745;-0.00;31.00
5205;1746;-0.00;31.00
5207;1747;-0.00;31.00
5209;1748;-0.00;31.00
5212;1749;-0.00;31.00
5214;1750;-0.00;31.00
5217;1751;-0.00;31.00
5220;1752;-0.00;31.00
5222;1753;-0.00;31.00
5224;1754;-0.00;31.00
5226;1755;-0.00;31.00
5228;1756;-0.00;31.00
5230;1757;-0.00;31.00
5233;1758;-0.00;31.00
5235;1759;-0.00;31.00
5237;1760;-0.00;31.00
5239;1761;-0.00;31.00
5241;1762;-0.00;31.00
5243;1763;-0.00;31.00
5245;1764;-0.00;31.00
5248;1765;-0.00;31.00
5249;1766;-0.00;31.00
5252;1767;-0.00;31.00
5256;1768;-0.00;31.00
5257;1769;-0.00;31.00
5260;1770;-0.00;31.00
5262;1771;-0.00;31.00
5266;1772;-0.00;31.00
5270;1773;-0.00;31.00
5274;1774;-0.00;31.00
5277;1775;-0.00;31.00
5280;1776;-0.00;31.00
5282;1777;-0.00;31.00
5285;1778;-0.00;31.00
5286;1779;-0.00;31.00
5288;1780;-0.00;31.00
5290;1781;-0.00;31.00
5292;1782;-0.00;31.00
5294;1783;-0.00;31.00
5295;1784;-0.00;31.00
5298;1785;-0.00;31.00
5300;1786;-0.00;31.00
5303;1787;-0.00;31.00
5305;1788;-0.00;31.00
5306;1789;-0.00;31.00
5308;1790;-0.00;31.00
5311;1791;-0.00;31.00
5312;1792;-0.00;31.00
5315;1793;-0.00;31.00
5319;1794;-0.00;31.00
5322;1795;-0.00;31.00
5327;1796;-0.00;31.00
5329;1797;-0.00;31.00
5331;1798;-0.00;31.00
5333;1799;-0.00;31.00
5337;1800;-0.00;31.00
5339;1801;-0.00;31.00
5341;1802;-0.00;31.00
5342;1803;-0.00;31.00
5344;1804;-0.00;31.00
5347;1805;-0.00;31.00
5349;1806;-0.00;31.00
5351;1807;-0.00;31.00
5354;1808;-0.00;31.00
5357;1809;-0.00;31.00
5360;1810;-0.00;31.00
5362;1811;-0.00;31.00
5363;1812;-0.00;31.00
5364;1813;-0.00;31.00
5367;1814;-0.00;31.00
5369;1815;-0.00;31.00
5372;1816;-0.00;31.00
5375;1817;-0.00;31.00
5377;1818;-0.00;31.00
5379;1819;-0.00;31.00
5381;1820;-0.00;31.00
5383;1821;-0.00;31.00
5386;1822;-0.00;31.00
5388;1823;-0.00;31.00
5390;1824;-0.00;31.00
5392;1825;-0.00;31.00
5395;1826;-0.00;31.00
5396;1827;-0.00;31.00
5399;1828;-0.00;31.00
5401;1829;-0.00;31.00
5404;1830;-0.00;31.00
5408;1831;-0.00;31.00
5410;1832;-0.00;31.00
5412;1833;-0.00;31.00
5415;1834;-0.00;31.00
5417;1835;-0.00;31.00
5422;1836;-0.00;31.00
5426;1837;-0.00;31.00
5429;1838;-0.00;31.00
5430;1839;-0.00;31.00
5434;1840;-0.00;31.00
5437;1841;-0.00;31.00
5439;1842;-0.00;31.00
5441;1843;-0.00;31.00
5443;1844;-0.00;31.00
5446;1845;-0.00;31.00
5448;1846;-0.00;31.00
5450;1847;-0.00;31.00
5453;1848;-0.00;31.00
5455;1849;-0.00;31.00
5457;1850;-0.00;31.00
5460;1851;-0.00;31.00
5462;1852;-0.00;31.00
5465;1853;-0.00;31.00
5468;1854;-0.00;31.00
5470;1855;-0.00;31.00
5473;1856;-0.00;31.00
5475;1857;-0.00;31.00
5477;1858;-0.00;31.00
5479;1859;-0.00;31.00
5482;1860;-0.00;31.00
5483;1861;-0.00;31.00
5486;1862;-0.00;31.00
5488;1863;-0.00;31.00
5490;1864;-0.00;31.00
5493;1865;-0.00;31.00
5494;1866;-0.00;31.00
5497;1867;-0.00;31.00
5498;1868;-0.00;31.00
5500;1869;-0.00;31.00
5503;1870;-0.00;31.00
5506;1871;-0.00;31.00
5508;1872;-0.00;31.00
5510;1873;-0.00;31.00
5512;1874;-0.00;31.00
5515;1875;-0.00;31.00
5516;1876;-0.00;31.00
5517;1877;-0.00;31.00
5522;1878;-0.00;31.00
5523;1879;-0.00;31.00
5526;1880;-0.00;31.00
5527;1881;-0.00;31.00
5529;1882;-0.00;31.00
5532;1883;-0.00;31.00
5535;1884;-0.00;31.00
5537;1885;-0.00;31.00
5539;1886;-0.00;31.00
5544;1887;-0.00;31.00
5546;1888;-0.00;31.00
5548;1889;-0.00;31.00
5550;1890;-0.00;31.00
5553;1891;-0.00;31.00
5555;1892;-0.00;31.00
5557;1893;-0.00;31.00
5559;1894;-0.00;31.00
5561;1895;-0.00;31.00
5563;1896;-0.00;31.00
5565;1897;-0.00;31.00
5567;1898;-0.00;31.00
5569;1899;-0.00;31.00
5572;1900;-0.00;31.00
5574;1901;-0.00;31.00
5577;1902;-0.00;31.00
5579;1903;-0.00;31.00
5581;1904;-0.00;31.00
5584;1905;-0.00;31.00
5587;1906;-0.00;31.00
5589;1907;-0.00;31.00
5591;1908;-0.00;31.00
5593;1909;-0.00;31.00
5595;1910;-0.00;31.00
5597;1911;-0.00;31.00
5599;1912;-0.00;31.00
5602;1913;-0.00;31.00
5605;1914;-0.00;31.00
5609;1915;-0.00;31.00
5613;1916;-0.00;31.00
5615;1917;-0.00;31.00
5617;1918;-0.00;31.00
5620;1919;-0.00;31.00
5625;1920;-0.00;31.00
5628;1921;-0.00;31.00
5630;1922;-0.00;31.00
5633;1923;-0.00;31.00
5636;1924;-0.00;31.00
5638;1925;-0.00;31.00
6034;1926;-0.00;31.00
6037;1927;-0.00;31.00
6039;1928;-0.00;31.00
6042;1929;-0.00;31.00
6045;1930;-0.00;31.00
6048;1931;-0.00;31.00
6051;1932;-0.00;31.00
6054;1933;-0.00;31.00
6057;1934;-0.00;31.00
6060;1935;-0.00;31.00
6062;1936;-0.00;31.00
6065;1937;-0.00;31.00
6068;1938;-0.00;31.00
6071;1939;-0.00;31.00
6074;1940;-0.00;31.00
6076;1941;-0.00;31.00
6078;1942;-0.00;31.00
6081;1943;-0.00;31.00
6083;1944;-0.00;31.00
6087;1945;-0.00;31.00
6088;1946;-0.00;31.00
6091;1947;-0.00;31.00
6093;1948;-0.00;31.00
6096;1949;-0.00;31.00
6098;1950;-0.00;31.00
6101;1951;-0.00;31.00
6103;1952;-0.00;31.00
6105;1953;-0.00;31.00
6107;1954;-0.00;31.00
6109;1955;-0.00;31.00
6111;1956;-0.00;31.00
6114;1957;-0.00;31.00
6116;1958;-0.00;31.00
6119;1959;-0.00;31.00
6122;1960;-0.00;31.00
6125;1961;-0.00;31.00
6126;1962;-0.00;31.00
6128;1963;-0.00;31.00
6129;1964;-0.00;31.00
6131;1965;-0.00;31.00
6133;1966;-0.00;31.00
6135;1967;-0.00;31.00
6138;1968;-0.00;31.00
6140;1969;-0.00;31.00
6143;1970;-0.00;31.00
6145;1971;-0.00;31.00
6147;1972;-0.00;31.00
6149;1973;-0.00;31.00
6151;1974;-0.00;31.00
6154;1975;-0.00;31.00
6156;1976;-0.00;31.00
6158;1977;-0.00;31.00
6161;1978;-0.00;31.00
6162;1979;-0.00;31.00
6164;1980;-0.00;31.00
6166;1981;-0.00;31.00
6169;1982;-0.00;31.00
6172;1983;-0.00;31.00
6173;1984;-0.00;31.00
6175;1985;-0.00;31.00
6177;1986;-0.00;31.00
6179;1987;-0.00;31.00
6182;1988;-0.00;31.00
6187;1989;-0.00;31.00
6189;1990;-0.00;31.00
6191;1991;-0.00;31.00
6193;1992;-0.00;31.00
6195;1993;-0.00;31.00
6198;1994;-0.00;31.00
6200;1995;-0.00;31.00
6202;1996;-0.00;31.00
6206;1997;-0.00;31.00
6208;1998;-0.00;31.00
